AF3_delta,AF4_delta,F3_delta,F4_delta,F7_delta,F8_delta,FC5_delta,FC6_delta,T7_delta,T8_delta,P7_delta,P8_delta,O1_delta,O2_delta,AF3_theta,AF4_theta,F3_theta,F4_theta,F7_theta,F8_theta,FC5_theta,FC6_theta,T7_theta,T8_theta,P7_theta,P8_theta,O1_theta,O2_theta,AF3_alpha,AF4_alpha,F3_alpha,F4_alpha,F7_alpha,F8_alpha,FC5_alpha,FC6_alpha,T7_alpha,T8_alpha,P7_alpha,P8_alpha,O1_alpha,O2_alpha,AF3_beta,AF4_beta,F3_beta,F4_beta,F7_beta,F8_beta,FC5_beta,FC6_beta,T7_beta,T8_beta,P7_beta,P8_beta,O1_beta,O2_beta,AF3_gamma,AF4_gamma,F3_gamma,F4_gamma,F7_gamma,F8_gamma,FC5_gamma,FC6_gamma,T7_gamma,T8_gamma,P7_gamma,P8_gamma,O1_gamma,O2_gamma
-0.9774076575570734,-0.9007746700432882,-1.0181622782146045,-0.3536789635995802,-1.0163170726213144,-1.0291246916853478,-0.958912402652655,-0.8970808045967578,-1.0275412642550077,-0.4384299828671359,-0.9543279121287285,-0.5302605457705133,-0.9344890867133271,-1.0069010678926535,-0.6328312384564474,-0.7580266523409935,-0.6691024890387967,-0.6654325496646798,-0.7628556053880624,-0.5121699521385726,-0.7004631790441311,-0.5948554557848242,-0.6550443222672475,-0.5599750080943178,-0.5103284947600062,-0.7219482849502229,-0.5447228496713379,-0.671216604217226,-0.015792856944034733,0.013543090355569392,-0.021465186429098372,0.07044067253536336,-0.5096441730198438,-0.47149189029926414,-0.22605123979772476,0.2738856029952702,-0.3515436438046713,0.8637541100244156,1.2612455947845267,1.163670562147998,1.1505688201146285,0.6269025712636817,-0.34335322237946597,-0.02744908429869503,-0.380228242252252,-0.001653131258106305,-0.6460225932422811,-0.6146103947502132,-0.2545662732414533,-0.38503916691652323,-0.4559118718704976,-0.44348002908530754,1.0300747796227816,-0.7786311074912,0.9616411274656553,-0.28958197413162334,-0.34555496180068335,-0.18445794486974534,1.0671556625747052,-0.004058105560951099,-0.8329798631670393,-0.7302605159285672,-0.5168328130093611,-0.5971399754856723,-0.4194947989142954,-0.2160037753408024,0.9903427019572298,-1.2936879084964423,1.1298697923238297,0.04554198850008744
-0.2918703821806238,-0.674923123421617,-0.5186175586495739,0.656050598439605,-0.6125654574811195,-0.5078284448816753,-0.6096503926547616,-0.40375398817520614,-0.7054707408158672,-0.5862217487274105,-0.5950388028005261,-0.6879690715611099,-0.5416891856147111,-0.5760307924898939,-0.3398540880751127,-0.5806472864136226,-0.6668140773302468,1.9576223311087824,-0.6032743116129755,-0.6672989350788882,-0.6852701933232972,-0.7329714109517125,-0.7194432226767488,-0.5254192148938706,-0.49426425453972267,-0.685087945575335,-0.5209794223097943,-0.5647525546788315,0.8373644566045851,1.5313050543477227,0.3355169449143903,3.5441843017140355,-0.09475805894906858,-0.3830187114187467,-0.6829117356271889,-0.4607778236411844,0.1317364625440265,0.00841225128646205,0.5015193346907473,0.7651249141138192,0.29593994661010276,1.0939753479831076,0.20057053698162863,-0.4195755118244175,-0.09962882227220927,1.431403907274474,-0.5394237681766195,-0.21240308135183245,-0.768497563382255,-0.8662557566308181,-1.0208439999639147,-0.7784977348106854,-1.027938108298309,-0.3743862379026687,-0.6408100096298919,-0.21707029739681694,0.5857075050518552,-1.2719250081862084,0.0469535218484853,1.0861162357038523,-0.31107719679419804,-0.9689166854875269,-0.5491941848477971,-0.49101699749851124,-0.10516773866587541,-0.5603109770023221,0.7611312270942149,-0.9388950920554928,0.5748837970583897,0.025181897784568582
-0.8955102623010234,-0.7726123868198609,-1.0082864542557843,-0.7745058761929458,-0.937525925917691,-0.9715843912217622,-0.9144028471053974,-0.8954743556966731,-0.9028936896202501,-0.6726537948375924,-0.8490035838963026,-0.6426723607675326,-0.8681800323747105,-0.8517825590597453,-0.6430823086035231,-0.3178555966511371,-0.7541673952945362,-0.4385865131608271,-0.46743615329214117,-0.5452402000756265,-0.6459270070678688,-0.6456420342699324,-0.4296926396391741,-0.5911316518855888,-0.4933247725454831,-0.6197303372939564,-0.6331995619015022,-0.6138385912977979,-0.6187459204359769,-1.0093741482887233,-0.4376123428571979,-0.768603831411485,-0.45675019364196573,-1.1263607936307274,-0.7772238102418059,-0.4398701488434017,0.07432605487299015,0.026198838660558502,-0.48749878484624104,-0.055637151281611785,-1.0762817971335343,-0.36006781857996956,-0.5973196625190372,1.2314476929966198,-0.5162485966431217,1.4697570291700157,-0.7731852283660403,-0.7734394429993233,-0.5110092303284683,-0.33950442488868204,-0.6514214372749414,-0.441848209464284,-0.4287883388411378,0.46407598400411826,-0.3177087248089358,0.224986948012338,-0.5159214774254327,-0.6051619010662218,-0.4112979416727332,-0.880808184378985,-0.3439357169754736,-0.7115345931456764,-0.46729447297945764,-1.2470594580529022,0.7449419327028045,-0.3014809634119706,-0.7372916318551337,-0.3197558833342977,-0.48901887572792213,-0.7157832066237684
-0.8253091150607615,-0.8254338384685197,-0.7595402287244588,-0.8997725869096814,-0.9124506044040839,-0.9348622193895604,-0.8871090009937785,-0.9277389077259647,-0.79140411534788,-0.5993789109851847,-0.892239076296738,-0.5540716808584311,-0.8617020584667664,-0.834286892703414,-0.7088072444607211,-0.8284249020965496,-0.7717815115307405,-0.7771724912891412,-0.6255764150404909,-0.7222273930519757,-0.7128155152916454,-0.7941648301826904,-0.6835419733279752,-0.45415581814187395,-0.6928326777277602,-0.44090373626283896,-0.735615206729039,-0.7098337162984351,0.859965331802323,-0.10476748056668184,0.6009140240982428,-0.5643005296562895,-0.4516751012638372,-0.6076783836913938,-0.5988031490774438,-0.38738404362238055,0.028613399747342606,-0.15571403505059214,-0.3372038965343879,0.3349900070013625,-0.2953966182925771,0.4773172688410312,-0.710669765306363,0.39461610470798897,-0.4136631203137916,1.0926681104980849,-0.3292899491167599,-0.6263037908982187,-0.7340028364532418,0.1866574042380125,-0.11322184194540752,-0.2809967967204821,0.6735919837757119,-0.5993922584771568,0.3947601628761012,-0.06321874604191464,-0.5121528010022521,-0.7056290676896453,0.5810570967849018,-0.6219665909174724,-0.3211640640153481,-0.3380938881880667,-0.7009441680178771,1.5742152570900265,-0.7503895290073485,-1.1914208250985576,-0.9932825743826845,-0.8320290927874702,-0.5729738887737521,-0.4252255615907757
-0.393196789394591,-0.09778578070685001,-0.521092259183301,-0.5244817890672882,-0.5128962365499177,-0.40788475003451957,-0.4579542262057084,-0.5095415192483023,-0.24908088487853813,-0.46856219123406767,-0.24779724455824523,-0.4462844564975381,-0.47311590912008433,-0.3875007247146891,-0.7215696860182821,-0.5763533330287278,-0.6648807660381999,-0.6222375316116713,-0.6094389595641168,-0.3085528561193959,-0.5728703511051759,-0.28106987762024277,-0.4322648970682505,-0.31416871745295755,-0.5590196723944124,-0.3885240138372807,-0.5117871088548755,-0.40908347256548927,-0.6913702011991045,-0.6417556476646205,-0.45066765702096856,-0.11887256204593144,-0.5986139436407507,-0.5199288021106337,-0.6382303298753493,-0.44109300552477143,-1.1260050327203146,-0.6797079279357411,-0.5483148616335918,-0.7656306020592102,-0.41417716524315235,-0.7815449622372804,-0.3913665961209065,0.09242451642681944,-0.118426138897547,-0.5029924430257607,-0.39333090676174304,-0.8030327045797953,-0.5692627122302659,-0.4977066629760468,-0.5313049245777599,-0.29654395046226706,0.09746106723909341,-0.31051764992288133,0.018777953304663593,-0.19042965612894758,-0.6593603570937345,-0.21512359619732455,-0.05182700002369083,-1.1657901686992516,-0.8304192452306778,-0.36996560778565923,0.2600558517934581,-1.0664564344774967,-0.8238267866819461,-0.037924050709217005,0.3902446235965177,-0.8337415882519537,0.5734238983704115,-1.7902400643701717
-0.87275554711398,-0.9073586274135989,-0.8442560645428349,-0.999551509506794,-0.895425329700826,-0.8509582033748319,-0.8655589351853823,-0.8937185610726046,-0.7873095337282648,-0.9463358981172438,-0.7514382913313761,-0.8770863050146435,-0.8299165641551666,-0.7773311326809498,-0.7081671107390222,-0.5686478559595651,-0.709977478357832,-0.6998843799173273,-0.585598979728421,-0.6373608139966264,-0.6057757603441392,-0.6214444196380201,-0.5755104741160209,-0.631189346116305,-0.6311245505158646,-0.7086246418573016,-0.5693704306150787,-0.5972049210096183,0.7982742814427035,0.2864474107677899,0.5352952229980884,-0.0739063026717765,0.6203404292516034,0.26869047669357304,1.3001939214631857,0.5347944212208455,0.19998932866992597,0.6482115954375222,1.668158462644492,0.9342138402342853,1.6038573105686615,0.9470083598162895,-0.6784879624451656,-0.7559858138165158,-0.26102334507179503,-1.182490023123293,-0.8377458039280492,-0.4292416539905853,-0.678061890055753,-0.332492640905565,-0.1512370069895151,-0.3279185391713476,0.2194636352635695,-0.09662584394359189,-0.15953189271820123,-0.7903924211230424,-0.7452752567276281,1.4310246167210787,-0.24976870777579796,-0.6693203338731397,-0.7485026964520847,-0.17324557278013708,0.44455313777536914,0.4795834375947634,-0.8736687667953209,-0.1562274653861938,-0.010957238609195109,-0.7016696904348779,-0.43995029397322527,-0.11845108794525083
-0.7658002027682065,-0.8271564436540746,-0.7878983061393773,-0.8179023767614358,-0.7172061867529506,-0.8219892875318755,-0.7580645360464786,-0.84552159659671,-0.7255572634318891,-0.8713808563780354,-0.7322413383845215,-0.7733597527644827,-0.7335584303981029,-0.6628617279227345,-0.7143001793547783,-0.6794844197698964,-0.5868401693796553,-0.7046288340101476,-0.6235063191224952,-0.5558377203853498,-0.5632117830541892,-0.6547147002913416,-0.5320745267363112,-0.5440102218073706,-0.6308117448741004,-0.460593495257296,-0.7111541551749422,-0.5639878021872965,-0.17584996936923766,-0.3542463333711209,-0.40439806015315044,-0.15542687227839094,-0.45866241800100827,-0.1916745654637384,-0.5012162858554837,0.11301304201970326,0.12982852316819374,-0.7581176288414415,0.38233788169744065,-0.4203335882155054,0.14695614355563966,-0.243937820260684,-0.5351613644315459,-0.6615162400300991,-0.4945519651584543,-1.331852088238184,-0.8689910168166841,-0.7786792521298298,-0.4589819115833939,-0.6392623515881498,-0.589108609573071,-0.5282477416317941,-1.461854674289894,-1.1970740795140677,-1.4465492456709208,-0.6805904193335544,-0.07178860719138103,-0.6987427853645388,-0.5744844173533499,-0.4441424888300749,-0.3585339914265785,0.25094626280437327,-0.6810926502707074,-0.0656787647228454,-0.707531624481837,-0.8926715263125515,-1.0105896900984077,-0.4697549523598189,-0.9740803762641201,0.266328694483249
-0.6273773112850026,-0.544503633444446,-0.8487813144697971,-0.631529540738135,-0.6821650134349667,-0.7820276182262387,-0.8032183804364503,-0.8414619725067071,-0.5929544796841902,-0.7654067189641605,-0.6165606003143217,-0.7174990869114238,-0.7326707201703321,-0.7149221042287092,-0.4521719757556274,-0.4156944624788195,-0.5180804970953463,0.10667926897263605,-0.6691672633071708,-0.8180840789697701,-0.6583441330869523,-0.6120597978340141,-0.7397726922784319,-0.4662534667784635,-0.7751749971189241,-0.2708368658580185,-0.7301824291955606,-0.6053401432419147,-1.8636284838041106,-1.4990270364097544,-1.6788383879683155,-0.9980421946917701,-0.5498060523213991,0.1034271505833683,-0.4596030413375613,0.05517835261178529,-0.6158050754023686,-1.338801216259645,0.4371863175566232,-1.707033551807385,-0.17389135815989792,-1.4722221939928573,-0.7885319612085965,-0.6577988705349245,-1.0386773107932634,-0.45185091710210845,-0.6273983984052136,-0.5252121956629798,-0.22397657236878474,-0.22304299973874853,0.05816980749983418,-0.42870853332284636,-0.3735619623177107,-0.7151098374079952,-0.6661660139975387,-0.6527879124271179,0.2725930049220414,-0.9057414890890824,-0.11396254287348813,-0.9288753994761744,0.028908365273255902,-0.4689321133346113,-0.7838402686013048,0.8281298237643947,0.9511731694383954,-0.5803919843630553,0.6198591097595851,-0.6281258546809161,-0.4207426160942516,-0.04947995556587007
1.0356903500141548,1.1439469075773974,0.7958365404257783,0.7126559274324017,0.9595181728461433,1.1845659159027582,0.7742262589989752,1.2137663572279702,0.694873637332574,1.0367649029980974,0.6831947301819827,0.9515376140465903,0.9307485610290878,1.0824011567000122,2.8107402292076684,2.822044868060182,2.4566929527003465,2.0375819270049456,2.9507533392445393,2.13213180949625,2.9781722270517954,2.5586915492832527,2.7990038110595226,2.24778864829928,2.1293808639330245,2.4777934669910495,2.191211711489489,2.5136807262746075,1.222047750270748,0.011552477324215816,2.1767851685801305,-0.0812838361494282,2.5851310923703745,2.0273653615349163,3.59901350178724,0.9650276177327416,2.7264567296037336,1.8078181367463155,0.9974362302583175,0.701272771962529,1.1482451656052433,1.1397241772962676,1.9447081255240515,2.463767978700147,1.284708069860283,2.127139071338269,0.7181313699348787,1.9036267583257647,1.646954973129423,3.6551760907872533,1.992774003965282,2.144571073867626,1.9957478166540374,1.9360121414009277,2.1507910553399494,3.3142089768792835,-0.41290729222974326,0.718078240776311,-0.6701453044084961,0.07936266229788656,-0.8846684043628417,-0.2899146494286204,-0.18250744130672533,-0.6850593434196107,-0.3199790320982221,-0.35778897997128456,0.5143600976420843,-0.5968810285443922,0.7225390639175835,0.5147104743576169
-0.8139535777768585,-0.8794774751581389,-0.8586466991273836,-0.7987025096827951,-0.7699170907711315,-0.8435298397914264,-0.600861200249885,-0.7702916988056703,-0.7962223190115627,-0.8721851811568462,-0.8629887247669431,-0.9270327466219621,-0.8659894266341248,-0.8066729768697851,-0.20958775340691527,-0.13935516291125818,-0.35038347974028633,-0.4762776942902911,-0.41014713356189414,-0.4679268152933727,-0.38528307217103064,-0.4097710158616326,-0.1047773321547517,-0.3974710665985185,-0.3740010861621527,-0.46712553503094956,-0.5357175229683867,-0.5212918443570924,-1.187673184004217,-0.43474817310452113,-1.1768954605695257,-0.43156324404360763,-0.5341077741925526,-0.05821563091408041,-0.28062962423791626,0.0613597651395142,1.5176347716028806,-1.1064599432350717,-0.4748233700693162,-1.4097244894415462,-0.8632339537351995,-1.0484366587591063,-0.019870281649008757,0.12059664376594516,0.138640809070539,-0.468684804201274,-0.32942090406918384,-0.1522568983331461,-0.6705302252264087,0.35729884723444827,-0.42320146301151373,-0.03492796996330862,0.3066118958848993,-0.3328200865158088,-0.4004370926345422,-0.5006383531392058,-0.551249030731698,0.8740303089920746,0.2046031737717613,0.2767141877536136,-0.8885069948724035,-0.20087615123556515,-0.9956283916212423,0.994787091781439,0.2594951062434322,-1.4826641324094847,-0.017802342233874214,-1.8161203093218055,1.238931160588671,0.8633754051801956
-0.4951801177144236,-0.5295129796856384,-0.5408528763565855,-0.6080409053239134,-0.38670360351218397,-0.34930478185895003,-0.39373449820570944,-0.38085246120251826,-0.6517087509078219,-0.4652434091804123,-0.7054065113278793,-0.5906913874695434,-0.6100566255410322,-0.555910723889251,-0.5745417779035386,-0.7818384434163554,-0.6712753117306848,-0.7044151008232038,-0.645484137792297,-0.7906094346386822,-0.6864661159979617,-0.6993117172211627,-0.5677172850649985,-0.6657912675895101,-0.6280175397142544,-0.5665927083073649,-0.6020274680799609,-0.6113133325144033,1.0656589545274728,0.6595190072550154,1.608670038853863,0.03394610735513802,-0.2643961906659064,-0.44784617652624686,0.26491201976745116,-0.30319196965949236,0.007670762731334639,0.8607127967587807,-0.45056494824865345,0.6886652742611682,-0.2008934748416481,0.4294833032950273,-0.4260487883224281,-0.37057525592340085,-0.07844069740745896,-0.607228482556419,-0.7831930596233544,-0.7594894355632107,-0.5278317971372675,-0.5087270309675075,-0.49590449575676504,0.00807510809732407,0.09550700103992264,0.4088348007797908,0.10409613212984614,0.20902220511524786,-0.43861166652219624,0.9948464719296933,0.06193608498276747,0.9361225243396503,-0.4667044050550353,-1.0708780036343932,-0.6609787348747463,-0.9094665955916834,-0.4992168039462014,-0.3667581686222991,-0.44612306344695213,-1.245470222781647,-0.45018356808845594,-0.586194663863399
1.6913471623668612,1.7119116208817078,1.6666688470020878,1.1857875749389553,1.625526208540115,1.82949695809852,1.502065427846517,1.580588406807557,1.8858934932673102,1.952737815354724,1.9508263291003838,1.5283038346444147,1.5536400574282776,1.4689573144654802,2.9985590797082273,2.6282788004690594,2.804909872918197,1.8743486050994065,2.8915538972841097,2.5553694092812838,2.8347619151446795,1.9874156855799125,2.9785248448596913,2.34242419484942,2.8345195743699683,0.9238400836927033,1.1779000920111884,0.21132982242345763,3.733894349052427,2.920189236349748,3.0882931184854394,0.94880164041134,2.5309565992739835,3.9506715395506102,3.008884055381112,2.134744039910071,2.7860229532633483,2.3526486813566594,0.7949647654842324,1.0838971630754717,0.6462673003684333,1.3766665119331125,5.455122668645963,4.885022147078479,5.374216698185618,3.7440964427073666,3.0210987372040985,4.9113144440532635,4.503514150181899,3.808462139914703,4.853514958128071,5.795688588354353,3.7918528426987765,2.6621361881518326,1.5990764727425915,1.2321358827999411,2.526240940992832,3.872750747787541,4.428032718753363,3.095894325273434,-0.014888128720164862,0.5669485802851176,1.2679694293828456,0.24905888618335822,3.926129507711836,4.768478355732178,5.020569810947989,0.7217473863962309,4.4051235722095266,2.4321597050542327
0.28526841476798515,0.1411683919325153,0.6363964508464748,0.5486938455739944,0.627678495576133,0.91038456241356,0.5158662291284547,0.574536071354356,0.5675736576383547,0.5672187790097923,0.48663308654705784,0.4309006309760798,0.5048000705815096,0.5590865198134295,-0.1974003912637104,-0.22675187979061773,-0.22458771397438246,-0.1652504447029066,-0.06952399247224154,0.49785968461521096,-0.05864688762352149,0.16947721400706892,-0.045372278797767084,-0.13571384166393355,0.178769595364091,-0.15647394414785623,0.3173214892579147,0.041807828257584924,-1.1125772193125758,-0.5580037760611026,-1.4130170057336022,-0.5534812207260154,-0.20167062638381328,0.36443587886178946,-0.6648202610391747,0.1216010350110093,-0.8194603397677437,-0.554962622311781,-0.6316120442387863,-0.8683158791746965,-0.9444400712973836,-1.2496511244033106,-0.5715834199781057,-0.7173365223229337,-0.3164407879158571,-0.7840595798585464,-0.38729564448750325,-0.24945389987609945,-0.20175021567293164,-0.3879680466486328,-0.6273336375941461,-0.1877229370676393,0.06265697811968132,0.9543306741516353,-0.013849432647427279,-0.09122865963506303,-0.8932740980792616,-0.38220796081872066,-0.6742733362477676,-1.2523614340149498,-0.5948621772686853,-0.14064617352083486,-0.5569171778750478,0.7970960353494484,-0.8094194869520743,-0.4678579263090323,0.0895722275435997,-0.24309428472151162,-0.24295761564290638,-0.3552501356156776
-0.5429409287414824,-0.5399276738496837,-0.8113109723130918,-0.7974727607657767,0.3902629697785791,0.23178056296245841,-0.4439183191836705,-0.4422909095561458,-0.6075572495080014,-0.7082236944624469,-0.39064596249619155,-0.6459862760730916,-0.5764256623798507,-0.6402078273622124,-0.6153134087627781,-0.37777051494923586,-0.7034389315393073,-0.3121845588225316,-0.6123177437076294,-0.1811628113213525,-0.6335882836226987,-0.3076441218555773,-0.48329791522873733,-0.6215827149505656,-0.45654345914287486,-0.6652506579086096,-0.5322565292822896,-0.5636750566732431,-0.794100721901224,-1.289140464992219,-0.9287108023504962,-1.3772707845872942,-0.6407052171969357,-0.9523966303208365,-0.6556300289794359,-0.9564977960219124,-1.3385043501368348,-0.945096484294443,-0.9686043712114256,-1.1098345289680325,-0.7622788668461455,-0.8792839136855027,-0.5206757796204006,0.06746211989747448,-0.6148076709495489,-0.42479951148794975,-0.39662804497044185,-0.6649867584912037,-0.6478080000531992,-0.07897319835464023,-0.4904683583905521,-0.1750614993623743,0.2772803792630564,-0.5001043647442328,0.42379110281022103,-0.5041859979983273,-0.04997764659584084,-0.47257667269850295,0.8088764505696414,-1.1104351263535095,-0.4509341976813385,0.36664795992592725,-0.8380082536688112,0.2409965471874094,-0.8410631330843096,-1.085704521659894,-0.33833361993366146,-0.3094488504654333,-1.1658493804117613,-1.1067457430546617
0.2559291188997723,0.25652647951964047,0.39555282852103824,0.33421684458509393,0.6885567516849279,0.44787734093764586,0.6339433939406516,0.5476793102380006,0.8240108592379488,0.5610191694710097,0.7082438425626432,0.4290922811938214,0.46720478539342963,0.39168025956542224,0.23793516846200832,-0.2038519224956315,0.4199334575251929,0.27144777964456945,0.6639464603403963,0.00724350732358347,0.7684253132259872,0.2882197308650878,0.7176412738045154,0.27575524694055503,0.7295225941233593,0.7930355670680593,0.8484279832721142,0.899259538550993,-0.41269282674273133,-0.9127804157751522,-0.41468015558661864,-1.209455372706488,1.4440125367973597,-0.28054146616171216,0.48074870147965637,-0.8034335517456366,-0.5616584877720078,0.4005865417326308,-0.6720651948676797,0.534705200245771,-0.6606873710749673,-0.24849106091802103,-0.2974297969495464,-0.11826551220601703,-0.5935877783093904,-0.7362421961238564,-0.42631206716095726,0.17141468811614516,-0.5149057640584408,0.21940968922435325,-0.7739825983494143,-0.029170481379033223,0.30432612602115555,-0.4959116580844076,0.8752148594206499,-0.4765096196046646,-0.6305325631115682,-0.8824890459246323,0.8436785779496979,0.42333747311664005,-0.30029459354604,-0.5821427393498493,-0.3860642046394325,0.1970148094310972,-1.0993891735054873,1.2382353652661713,0.20633646486361457,0.07730759112576369,0.3267546110549844,0.24680983430618247
-0.7043742121280356,-0.6568934347140882,-0.6443069064883121,-0.5613292872968401,-0.6340811025813545,-0.6642017086504161,-0.5803525224702111,-0.46622339460807616,-0.6193025378876374,-0.6623053797287444,-0.6658310743949447,-0.5649529769636751,-0.617536897263437,-0.45638334650917967,-0.08530684125081964,-0.03548116048847769,-0.31236968525889763,-0.5189079494352726,-0.24091639436788884,-0.41715043778525235,-0.35763996186673885,-0.30998702742678924,-0.4659212990223605,-0.2666809970451407,-0.5612378794781745,-0.22356748629048376,-0.4652213260124293,-0.35766487952108533,-0.7059422661019983,-0.3324050509722887,-0.28064382011424044,0.2660824108003032,0.6958543550564288,-0.4283582775135711,-0.5985097538236835,-0.7767719448891963,-0.7636683637219387,-1.092235282029294,-0.11399574272197589,-0.8500911654216706,-0.46156033355136483,-1.1560571590940945,-0.8497498923534292,-0.7598767104082877,-0.7744962581505318,-0.6288336025728058,-0.5733793536129945,-0.397348188952441,-0.739689804654689,0.28492909982519476,-0.6744722057342946,-0.455647353715893,-0.5089441386256028,-1.0628912172296134,-0.42862734072966285,-0.7075681250511823,0.42512189674450124,2.1394245481894867,-0.4711804379592306,-0.045297009560518506,-0.5304246084401961,0.06645591383954573,-0.8555136733843011,-0.21623734750171378,-0.6148108215965475,-0.5149378547122186,-0.3479755923111386,0.16384123491543381,0.9031229712527702,1.3007659939125655
-0.5326980352274817,-0.4951457479225433,-0.6449786225651843,-0.5425524993623856,-0.4041734458464912,-0.3103685063854222,-0.4181020112817787,-0.25688214899960915,-0.3245992921780227,-0.491794963265703,-0.2307841377619273,-0.4919068285910539,-0.2357843827625123,-0.29980678728387483,-0.019842748963525694,-0.05313446533367958,-0.053198955225125626,-0.3368512120152043,0.1394977737425265,-0.1553285477628025,-0.01884060149757593,-0.2268748451398693,-0.21986826617079036,-0.20435702116785034,-0.33292519836607254,-0.17548501678911915,-0.1986629141965197,-0.10404306977814191,0.3197543236633117,0.47284073062950915,0.08401533115274262,0.24379177042089215,-0.5310393037575721,0.07311767307918321,-0.46718432645528135,0.08884239115613542,-0.9960283988080334,-0.882202316174877,-0.3568010480438386,-0.8058614309601512,-0.12622475546751585,-0.40975340061553667,-0.6176692825346918,-0.7264696914347475,-0.4558044499470987,-0.6503212651102087,-0.7342521997650917,-0.16480070470793376,-0.775008712850004,-0.4330057280216189,-0.7281918552889322,-0.3170933050313576,-0.21449853337688743,-0.9929314060117324,0.16473621890808943,0.06094229454135397,-0.37154664644350466,-0.6104557626301615,-0.4263967983558517,-0.2763842578234018,-0.5338694774800972,-1.1020757591182513,0.39467911436951386,-1.2290093657237204,-0.263976469679958,1.0809450392197524,-0.17129903287619688,-0.22108383939086282,-0.41120399042347583,-1.4378569873676934
-0.7675080473358112,-0.764738282629275,-0.7688969903157253,-0.8230272684063605,-0.7509402949331676,-0.8120942837431001,-0.7871177937321416,-0.6464893070371394,-0.8096654758442264,-0.9143536046141527,-0.7999692241897798,-0.9774064300953307,-0.8424673588215185,-0.8403925450167135,-0.7996396529511609,-0.7958021740252588,-0.7244035190207865,-0.6984720013594264,-0.698716629501603,-0.5669548783616222,-0.7763733360689874,-0.6120912972776097,-0.7284058736279808,-0.6066080869558587,-0.5072854902527829,-0.7535361918414343,-0.5184311891434926,-0.616676794150806,-0.4245530416712582,-0.43229884809032276,-0.4451187396078934,-0.16861132418140987,-0.8624195901376109,-0.5928763436291583,-0.8925461238825357,-0.6926743655501834,-0.5389259454720507,-0.6027950387789855,-0.7064135974822056,-0.32796615183932654,-0.9301416679604061,-0.6983011452200577,-0.9830101496400109,-0.7051716136022754,-0.8175527258096126,-0.011286006966567733,-1.073212188264488,-0.07607840678601495,-0.6075609777610722,0.28508390887721385,-0.23269087312291978,-0.6039985299847621,-0.0033939076173019316,-0.38896340320587086,-0.0589668962160721,-0.4683731052605004,-1.0155304033387116,-1.2909745282372298,-0.7888327838329876,-0.5106315770448028,-0.3914684958937239,-1.093138918219765,-0.6944720912986281,-1.0239823963963348,-0.5030229622790631,-1.2817660289169517,-0.3358248110050166,-0.6793614980027963,-1.3308414635095895,0.1723596862761855
-0.8907653919672867,-0.7084542857606642,-0.8385447731215103,-0.9231469352866153,-0.9550659480037054,-0.9812043300887235,-0.8992571073596018,-0.8933309823189937,-0.9213383000356798,-1.0469960611284252,-0.9236104136538326,-1.043685841382231,-0.9665357589599217,-0.9746243611455127,-0.8698063899906804,-0.8467518804437808,-0.7713610509975054,-0.8994159432411364,-0.8062440476887608,-0.6214919904294038,-0.7750497022496048,-0.6839194490779749,-0.6820435798185245,-0.7098729691907341,-0.7104877724909524,-0.6673978478669663,-0.6467990418097546,-0.5899126152542797,0.6588001094033059,0.13443068757934964,1.1140200531554176,-0.11734488436141596,-0.8784328641624114,-0.7718073448253506,-0.36342269623833673,-0.9053622844713854,0.145880585748907,0.5160300685805496,-0.10307557565297572,0.8388564815536148,0.07574261272136709,0.618796373262781,-0.5856973843578044,-0.41276249335148507,-0.8689324314741254,-1.0958061898158429,-0.6856018611355393,-0.5906385610359046,-0.6691733491593165,-0.5381532464096488,-0.29898962025073844,-0.42780855904105924,-0.844715782536824,-0.8172624382284536,-1.2437161117782651,-0.8499851295362587,0.13080971570003436,-0.5738358109385584,0.15800982545163886,-0.5694525040649343,-0.38207849771032903,-0.7881058620246839,-0.6104600652164112,-0.9918409245640395,0.19239167002550078,1.0797071512437044,-0.2310444373303034,1.0293770909381275,-1.079253452422422,0.09722562939328375
-1.0582805986583994,-1.051776023872299,-1.1082600463534642,-0.33262425673235985,-1.1155110875859824,-1.0338371773440844,-1.0593440104633134,-0.9793829653901425,-1.0810232925595356,1.3047637438955144,-0.9796981810813542,1.516122857263251,-0.665555390789192,-1.0336711803563647,-0.3288376670673043,-0.7713664665230615,-0.2736871481100489,0.10415122447214718,-0.7887772049422954,-0.6987313556137599,-0.647076865590905,-0.6703772982942848,-0.7313264802947194,-0.6327352192361312,-0.588494236414767,-0.588107172393782,-0.5146665467447964,-0.5867315246634894,-1.334322673269577,-1.7983555091987855,-1.1188004901270305,-1.4015971654114225,-0.8485714328529076,-0.7982941379645573,-0.7075306666562036,-0.8372423878409444,-1.2149566748491785,-0.9716923520855871,-0.640608146937867,-1.3300871089148583,-0.7967918505705487,-1.4086310893833767,-0.5021805651170351,-0.778217728590024,-0.5704454521988781,-0.530175441683395,-0.9231273434951549,-1.3946627305125314,-0.8197308018766867,-0.9541217103679005,-1.1641230708360062,-0.5009215901150119,-0.9043920768749127,-1.2474010026509168,-1.0406989208448914,-0.9135893737196422,-1.4692530484006538,0.19055029107847807,-1.0998368691846003,0.8511378333078702,-0.5854569372023627,-0.27875279693385896,-0.6095744504258901,-0.5606862061207493,-0.622707679844494,-0.6911095187279965,-0.3656558051088135,-0.9954418294956783,-0.3587251378534619,-2.5889590893654577
-0.7536791399821182,-0.6074454056125919,-0.5956370354850072,-0.6884584290748712,-0.634763480299093,-0.6656480501862512,-0.3241961414844901,-0.6033358310441264,-0.5317468099702591,2.1738811306925827,-0.4824994712424267,2.0286675105866547,0.06326160141552938,-0.5410525722591459,-0.5117325201483949,-0.1785869649634355,-0.5962973072135173,-0.38836119396321483,-0.4359896685400232,-0.5785403906084176,-0.15840850215090216,-0.5111751510908583,-0.4694366996413259,-0.2537795451124778,-0.4935586158570099,-0.12893332674618896,-0.5441079353681648,-0.4079270491036215,-0.5947603837076306,-0.2760195688091365,-0.06029252673752828,-0.16147822241709361,0.1566033456541045,0.4046211911041149,0.2926786300254231,0.651450369975176,0.7061308740180134,-0.3610109545456374,1.8061085774204613,-0.8833525707523013,1.5148890546615388,-1.081518011639689,0.30578993139927163,-0.14809432169206407,0.9498578856149944,-0.761547081195524,-0.05375591205845953,-0.11118675778249545,-0.1567313372596198,-0.04938673633996662,0.17236038044883192,-0.5134214300049081,-1.3162191591413477,-0.9817239205435875,-1.4023566994179453,-0.9832084889220756,0.9905140485691393,-0.13662433267804058,0.2208903044920991,-0.6660535865057452,-0.20002030138145563,-0.8324502947310428,-0.6636825457780878,-0.2964379821003669,-0.5890145711741774,-0.37295920146101763,0.5194764946221199,-0.14713751252253818,-0.2865338140174176,1.3172795730998463
-0.9358604410088432,-1.0561930940379933,-0.17802335248821094,-1.0515075958068982,-1.01847062873364,-0.9320864346732515,-1.003482615979663,-0.9422102505772971,-0.9837348522908669,-1.0914572078236489,-0.9091494222360248,-1.0354199415468182,-0.9508025411313838,-1.0014897511010263,-0.787606248750714,-0.6869514631821354,-0.5634950100166644,-0.7819983358616422,-0.8165381532624679,-0.6885380035924944,-0.6836988514491341,-0.7329543537231079,-0.5920052228089829,-0.5782712896616826,-0.5833670996086354,-0.693070024703148,-0.5107302323801091,-0.5600004917781286,0.3592843757069328,-0.13349553493956243,0.5247430778063158,-0.4737763878443728,-0.2813664839061405,-0.9051816816351216,-0.07653419719602662,-0.7265660181768043,-0.44825831231403834,-0.13099477715032445,-0.6822823778752537,0.03493077669615489,-0.6348553588777271,-0.19512451365812405,-0.43943279533492613,0.08776525447705488,-0.5494797754299002,0.21215670802538783,-0.6557008298999547,-0.3331581949062561,-0.48790797450761153,-0.1866831335838654,-0.30828820338701013,-0.3362234921064496,0.288222570804948,-0.4693098938757272,0.1652517586165872,-0.6275813854216858,-0.5828786411109371,-0.5017760868624951,-0.21420155319765677,-0.8157293094172418,-0.9131371562258649,-0.812069688799,-0.5282321704522548,0.026486255198513876,-0.1884331208931315,-0.5793671094392286,2.161386121436941,-0.6132051798404927,2.40048885748035,-0.03338208529446506
-0.9877529135490537,-0.9154741113138275,-1.113530040199455,-1.0896025727983016,-0.9459214329264221,-1.1187016364556666,-0.952512299716353,-1.045383191214455,-0.9454710420668484,-1.12280390635651,-0.9105668051334367,-1.0869286233630733,-0.9512514054105935,-0.9746402543598026,-0.6583161447554807,-0.7048504235869462,-0.5998443289966618,-0.6361986423573974,-0.6659927973093879,-0.720767563850245,-0.6558681431457393,-0.6015945346844084,-0.5621013523471691,-0.5290574526850099,-0.4742997234855248,-0.4920498744000602,-0.5154728617047084,-0.5479325184993954,0.28367171988295975,0.0650352127368244,-0.12675662933189558,-0.3319492944086465,-0.3106068739223401,-0.8663681840032326,-0.2589188324203968,-0.9363639068279563,-0.0062181589644718675,-1.1398730969623756,-0.7704925340236208,-0.6790556308151736,-0.7882320307286947,-0.4908395907983265,-0.13573873833098607,0.13662313411326463,-0.30458893113790736,0.491435370835758,-0.40919885015985596,-0.5638664562550242,-0.6454570903394256,0.12691303945807308,-0.5091137195488284,-0.11857531327843784,-1.183601428667894,0.4003377007335224,-1.3012836236128096,-0.29145376584368793,-0.7187361029524575,-0.7821470850226034,-0.49633858012156945,-1.1030096302662422,0.1564975022189343,-0.18806400974219792,0.5102133881309645,-1.002541105354517,-0.7977354527188951,-0.39038573052614717,-0.5692612119778453,-0.44634508536453255,-0.08555360643871728,0.5110224325005575
-0.9834845444431778,-0.979461819617739,-0.948484443452487,-1.083332742580296,-0.9824923522665221,-0.96474825141156,-0.9241166015740555,-0.9625959319799856,-1.0017674108887062,-0.9796985227674054,-1.0250935323900883,-1.0574094043815037,-1.0688906733120438,-1.038748348030882,-0.7799886567322718,-0.8602926629267315,-0.7346334187820157,-0.646079698417881,-0.5561334900692301,-0.6712707324119385,-0.464947840637056,-0.6567085039222277,-0.5351742777934498,-0.5922537755267673,-0.45109929039762037,-0.4823191114219558,-0.4867057314030343,-0.5236394781040971,-1.5629003627454916,-1.9378038000691211,-1.5054235833971976,-1.4265035542140794,-0.6668832276273057,-0.8963820540375019,-0.48825351220162494,-0.6762267057601505,-1.0994102060341555,-1.399018987629631,-0.6657880950622734,-1.4037541094887527,-0.8908823428111456,-1.3774424344015068,-0.6788885943134768,-0.8079052030627247,-0.6307859552538828,-1.1868150026870419,-0.5371502271662412,-0.6978979886201675,-0.5912578210335093,-0.5061965099534603,-0.7412542624818697,-0.3617034693706588,-0.10649585307639325,0.25976320560002114,-0.3115098118846077,-0.6692174156536529,-1.2154542635442003,-2.055789446461082,-0.4933427258736848,-0.14103457043095732,-0.2955887650255886,0.09895511131627897,-0.49075299101165437,0.7809830343193841,0.30901714690474574,0.25900542724217573,-0.6870591028841748,0.2641192776546275,-0.5188653111488353,-1.354064764913407
-0.36564599665449843,-0.2861706974375979,-0.44102462623291994,-0.3344037871494829,-0.24489497616648834,-0.3891201951375132,-0.39429307018669896,-0.3195151836860957,-0.22525319131127378,-0.3649450036266592,-0.24214468028367273,-0.405851120611294,-0.4430041678806638,-0.4465754822404477,0.47177164606669586,0.3095004882787994,0.4101624412159879,-0.25938716937027334,0.25271097979648494,0.1640107694358941,0.28204957909266026,0.08699501131182961,0.03339985483318107,-0.08701401737377126,-0.1279904684047139,-0.5561808994663047,-0.32915987960110166,-0.44634753655913373,-0.9540326658112833,-1.2731598798150703,-1.2249603382804573,-0.4828095461819301,-0.3705235062868723,-0.28792110803962595,-0.21970076210954043,-0.1676131652010417,0.11979527658129537,-0.25844304680625674,-0.5539098378537941,-0.899724891059763,-0.8644161863671534,-0.7339356561008546,-0.09017684517191348,-0.3977758738942596,-0.2909784763065654,-0.4846840040322512,-0.6842277149738257,-0.08541885008496086,-0.2981896295904459,-0.49404179726596814,0.24026255439340047,-0.28513310450456764,1.1348723013852637,-0.6232308212779532,1.655012390047176,-0.2049656040608594,0.02440562508502419,-1.254413551993543,0.7586764087951845,1.0411078736938189,-0.6960663868510505,-0.22662953696241442,-0.39189786952075933,-0.98184884085904,-0.12027330111269426,-0.6676320758418108,-0.288040124779958,-0.5357353032719585,-0.27922586350234924,0.18305262283289533
0.8459961604439764,1.1472675180091434,0.6687152510682369,0.6247214898915922,0.8587326163035879,0.6980044525692836,0.6994146630107846,0.836444141135517,0.8357673272362395,0.7714379840322633,0.8238124353035768,1.0178230260375944,0.8914871622201247,1.0385578958541493,-0.11963240408730252,-0.1796300803869004,0.10796407076127454,-0.1452011252777703,0.33063445142429587,0.7964430507916583,0.02507464278219079,0.1260601764634228,-0.29331742991298115,0.27582540477887657,-0.05404255386048547,0.023514114222978316,-0.04867561117336677,-0.0009357373689285487,-0.2661305721319195,0.444961174673449,0.036280408179693954,0.8467304707791514,-0.7232445193098509,1.390756935051784,-0.2288866773798499,2.644975868017169,0.4984568519962205,0.08287266372326406,4.406798962463896,0.14301694056846126,3.6205855929571054,0.49248958941966425,-0.8475677000082794,-0.5929054545259571,-0.7904293523267762,-0.5263533057948545,-0.8146958286529494,-0.4649336058916187,-0.7375217714600815,-0.10463715219365162,-0.44380390983332096,-0.2652425097878517,0.010501017060102853,-0.6308844703770178,-0.018252069025073033,-0.8670590803692206,-0.6896945307529835,-0.990984715005179,-0.799858973273108,0.012814498866108245,-0.6061836238329557,-0.7042655083161229,-0.2957743619355107,-0.9692647855380884,-0.056676099388823585,-0.45314613881671406,0.4922822619635733,-1.0013754413068157,-0.5282820687795842,-1.31387392576628
0.2608496473065173,0.3451757416094647,0.289683275987821,-0.07287618086341184,-0.027422880778924404,0.27166312886869115,-0.03263700723791051,-0.20898470521715362,-0.05969890405403417,-0.28726538456161,0.07861901379982343,-0.3471424179587366,0.1291101974366739,-0.0341586106239396,-0.4841247791645385,-0.20264863686971676,-0.4677213014848049,-0.5170140513795858,-0.21651587973753128,-0.4829314437560889,-0.3635380735917374,-0.32602584748716085,-0.19159900207673206,-0.27510971803537,-0.09948808316769985,-0.2225741140984679,-0.12418355003961695,-0.21986577584951889,-0.505063299820713,-0.18132036000300913,0.11220721059416236,0.060099039350256046,-0.4932931824448463,0.4586299946754936,-0.13262087518157956,0.2628181493802007,0.008677790971817019,-0.6392713106575908,0.4174742471930975,-1.4712207042966685,0.6258712630022,-0.9119059174323185,0.2505132623749211,-0.10646847852310228,1.0075615851835016,0.397581150602677,-0.016996872949242653,0.14351509416503658,-0.000576248727326844,1.2663685945701473,1.29231808109893,0.7449607103023818,0.8673944257459293,0.9652682351614578,1.3124674273078056,1.5131816638569346,-0.5726464814000647,-0.3273880059472626,-1.1017163056037733,-0.23693699212587224,-0.35597388073386094,-0.08434807339481193,-0.45735649215924107,-0.1913266987938281,-0.500225875012162,0.010170523977826114,0.3190339413514085,1.329081254190842,0.3148615719587367,1.0578980534976132
1.0183033273090156,0.9628725778214612,1.0503609719970908,0.9626085578154966,1.3272014698548285,1.2073651409849202,1.1473648792413302,1.0804210221681338,1.3306319235711144,1.1269295792937157,1.577494586440992,1.1663363449506519,1.7137397866857913,1.4979175380166971,1.7804629344164657,1.5506506284384916,1.3488358766808357,0.7640732572385985,1.9691417850297805,1.83482362334247,1.8450179019809925,1.5575627344711076,1.181387729106609,1.1731232151256346,1.0459853133318044,0.6429662552856401,1.1666543375824363,0.8155901432144586,0.28818165906909804,1.1899702372575434,0.5904059182945217,1.0534852127285332,1.6778529444414443,0.9024211735188296,0.5930784246574013,1.2700622282562164,0.8655021137335707,0.9007516422590619,0.32828418225038114,0.9741083468502746,0.6320036073744015,0.9985495329215032,0.3794629333549803,0.09551725976529482,0.9364161329231605,0.23408777517444337,0.3027116668992961,0.005117769845622181,1.002659148768468,-0.06932407783231453,1.4500714314774994,0.311175453765963,1.2039735145964428,0.004993724967410579,2.689347666672957,1.9192830935250635,-0.4290327963712564,-0.022573493445130387,-0.2777556383403815,0.1109526407690536,0.1794214159267344,-0.41751200308622244,-0.06221326402644308,-0.279188314904862,0.036616738913736735,0.8732580408322886,-0.17969320023415136,-0.35929170811347394,-0.7731458084378132,-0.252765331758788
1.0092331902021574,1.0175197903055406,0.9923012799414321,0.781607257480406,0.9090367954222834,1.136468349546395,0.7022692735848243,1.0434553118999088,0.8231585203997076,0.7874337767573876,0.6417664762594276,0.7771681998156014,0.7856186347658801,0.976749598676021,-0.2743896461650326,-0.1702694842770941,-0.3523171060053642,-0.43377217565912113,-0.20484415222514193,-0.25402630569380297,-0.22583889221337286,-0.3291016700182041,-0.20934966762201257,-0.3074250939571941,-0.40526330500897656,-0.22877484950335625,-0.2761565065966075,-0.10619032890770744,-1.0131542495530608,-0.7203927793739586,-0.669574499824568,-0.13719022891887925,-1.112349696353488,-0.9133876825641019,-1.0810936675571041,-0.934469501336958,-0.6875184442671419,-1.1864681512886306,-0.8675839444554238,-0.9959824596867278,-0.8124943748122391,-0.8074712436563297,-0.646642226437284,-0.6822841564360251,-0.7189272558843353,-0.3269621817816859,-0.910206274237754,-1.0497559308602666,-0.8220584861480773,-1.1798856919942886,-0.9541042331081381,-0.8467429464407324,-1.46171170254616,-1.6278985097934409,-1.6057500092180266,-1.540593255508788,-1.1158707605484717,-0.8434048752140149,-0.22626677507914728,-0.44836987636117154,-0.6885847058428586,-1.0339445172095418,0.019907002137781588,-0.9695038977142825,-1.6300386863909333,0.058705209293643895,-0.7953213377162717,-1.1292474336296638,-0.8272244981613401,-1.7798307967270177
-0.6622915127954135,-0.6103709269173705,-0.7732296060250748,2.032878521817727,-0.6997018837032132,-0.6934372540403823,-0.7027502872899529,-0.7120283734174834,-0.6630595012399056,-0.6821267250782235,-0.6863827685485702,-0.6922656976923345,-0.7148181532076174,-0.6385903790646413,-0.27431204322648967,-0.12466224750950773,-0.2778783810434632,-0.03625356659606471,-0.5260942768732376,-0.46668324291084357,-0.34017385425766866,-0.32940435219203895,-0.4539825078233763,-0.46554710862998744,-0.42590115832175196,-0.42337617401614414,-0.2908846072211112,-0.3199034625712183,0.9027623750076709,1.2542960588563887,0.6874679397886524,0.4568433030852142,-1.0972389219283787,-1.0386741969800588,-1.2271457302715654,-1.3703497431588023,-0.46093732942921534,-0.635049437566168,-0.6907919172299796,0.17973350323563395,-0.32495585554502504,0.511748859748283,-0.3906194056421309,-0.3160504605740742,-0.5487592934719869,-0.23193855893175652,-0.7746271642644453,-1.3128048404639125,-0.7407897299145902,-1.5346474921425814,-0.7577750780957919,-0.8218449222190454,-0.20839274340528058,-1.653008978982086,-0.5368503600109891,-0.9367153779968792,-0.9570497899090047,0.5654895193551686,-1.437424592415756,0.3313977395938117,-0.9239583647749028,-1.0413585417844289,-0.8949720112468681,-1.5942963988882244,-0.3638366098329269,-1.1853520895108682,0.5738487038897367,-1.2683781296582415,0.015372710033430503,0.042928960568815656
-0.746091929165415,-0.8577269552646747,-0.6970652210623272,-0.8312828113610019,-0.8229824527345128,-0.8288681497446329,-0.7708332815844622,-0.7349460703069685,-0.6899699458219952,-0.8723144528694391,-0.654263757051896,-0.8866604782308153,-0.6961302445153389,-0.7108590275999184,-0.5400508614926439,-0.46883498285277087,-0.46854076020033125,-0.3607854440296022,-0.6584100781126732,-0.180692747747335,-0.559484796395875,-0.2957933914059183,-0.5518789162828565,-0.44488944562891386,-0.5003718674445679,-0.462782123218056,-0.3923685347372568,-0.33139778586293667,-0.7947663358463524,-0.5518360059254024,-0.760299551663572,-0.5093083885861246,-0.5007885344426762,-0.6590084592792792,-0.6283836342363734,-0.5031013728457324,-0.6082521745332448,-0.7201607613062546,-0.7604903226507463,-1.0266791697879094,-0.8664575557567868,-0.8954119787676297,-0.43415469373407967,-0.667503393752445,-0.5124549509233817,-0.9104773095497669,-0.5627281006227904,-0.8758883841786658,-0.6415033052274511,-1.467998705887025,-0.6375524881901997,-0.3303818925665985,-1.6027663948683826,-0.7817131381077425,-1.4032751651046351,-0.9007410628860505,-1.2993372460861345,0.36397285682442515,-1.4543636054807199,-0.6724917866378405,-0.8350636473921011,-1.1440096573367897,-0.8846022708036724,-1.4600109792588292,-0.5409845928380626,-0.13640311510134312,-0.680710052955551,-0.6992163042355003,-0.3868161587888096,-0.9304560717602992
0.5523925472650484,0.24474677390068666,0.7447637519198986,0.3293256754368983,0.6953140412691934,0.32006628982935276,0.5961169984307827,0.21643289997326448,1.0095166859821463,0.16880967206580164,0.9579633639040334,0.13345009621253826,0.7269118892077886,0.4693621079924614,0.34446592790747094,0.7453913697175222,0.38742508465237463,1.0505673095666936,-0.16627914420944392,0.3857388339744774,-0.14357153309296553,0.8793037406697417,-0.2578031059403473,0.545909994331506,0.253873570293879,0.4491359094203796,0.33931502848594464,0.3975388579798325,-0.7899542225322905,0.052351104065640044,-1.0470702270353665,0.46479437663640555,-0.06923606991128209,0.42079542562216576,-0.2966103764134152,0.41344570379784884,0.1791637994930325,-0.5810829043643698,1.1484770931597839,-0.669999436369937,1.6007072388858463,0.203186676087035,0.25471744678160413,0.6913861810873128,0.620783311867257,0.24104580228576866,0.7873136391713697,-0.9970422597770623,0.5775228155389398,-0.09468371716965397,1.5403173242036812,0.08875146553459366,0.4417756821815705,0.9825752049664926,0.09856695427504321,0.4536470434257161,-0.6372016595261301,0.5089966950200264,-0.7913750604421548,-1.2098874488130409,-0.586955603529535,-0.9168066740313741,-0.6605440183294485,-1.352127201582892,-0.609479771354392,-0.8641657074217646,0.9827188699560531,-0.34248085391219946,-0.13644228487779583,1.181667605969885
3.148381951559787,2.91438502541016,3.0994297448679426,3.1251838814818442,2.933391865945,2.594138647686943,2.4926713366750133,2.7765844335050645,2.7805166842440476,2.410770530430427,2.475535897942465,2.4749399810447015,2.478478307724827,2.6249590770304625,3.706496590734197,3.88840721012065,4.284883082661359,4.817106884187077,3.734541757041997,4.124730599043838,3.9585512807055374,4.448945952709615,4.448454487132669,4.913645735173697,4.8587042625343075,5.158321789361182,5.13320562685698,5.053249002307679,2.101150480811366,1.5345212186265083,2.631603121064166,1.7149208525160415,2.359011002121221,2.438766126069188,3.0177831704697478,2.736445612553411,3.531693659589998,2.72873828265135,1.1883231509835541,2.537306164562912,2.22643509882549,3.667063242318374,2.044438733712754,1.9906404626711256,1.5616379187326048,3.045278770756227,1.1582705960278064,1.5503423987986433,1.3901656134538625,2.3522686205218633,1.5783082082678197,2.1386499326189745,-0.21940254777751148,3.519308163178878,0.8951615596143709,3.7534714758914327,0.5945531250558969,0.950504169784668,0.0045370035261252184,-0.10538657057808272,-0.13096960801674984,-0.8243903091941395,-0.6073422578363159,-0.45789482139940424,-0.12199022195516764,-0.003932102630669775,0.07591084882203315,-0.28011607339199607,0.7841056669506943,1.3853217366582649
-0.6765904592482607,-0.7972994424756558,-0.7866660912114061,-0.8446484554407777,-0.7496434949826971,-0.7536232770959651,-0.700979434859747,-0.8391088931404553,-0.8991399963503938,-0.9993308478425645,-0.9015175140137967,-1.1166856854545546,-0.8910275989867569,-0.9427225981044087,-0.8134850334858087,-0.8275878934413049,-0.6062830100538524,-0.20054970050867743,-0.6802006958833335,-0.8334545601389776,-0.6698724697977025,-0.7871342264406287,-0.4583449793173708,-0.5382620198352928,-0.5306473218656382,-0.5178652214667672,-0.5143976538012537,-0.5367829248064306,-0.6583586136687299,-1.259493293030999,-0.4106424404515206,-0.39986156492029373,-0.729980097144499,-0.800139838384344,-0.5404733800333579,-1.2061340217020182,-0.03180486308532901,-1.5810179592768672,-0.5979979013416838,-1.4995748821508363,-0.75296247010982,-1.0698916821265516,-0.5185686510686227,-0.9234444368703606,-0.6811404661639989,-0.18442691286827298,-0.7414635045819388,-0.5053781055381942,-0.9837678958278341,-1.4486305150809669,-0.7117278285770032,-0.7953158704312062,-1.5150511167482321,-0.28694092712460495,-1.2253560404193358,-1.092600041786405,-0.5871063038715135,-0.9366872605154749,-0.6598833277068786,-1.4326118615671786,0.19689243467083184,0.19827118510604216,-0.004823733339111523,0.5807806498368189,0.6148742696611393,0.3115263606891967,-0.3106871176639592,0.47895902311402794,1.069436923728489,-0.838407212741861
-0.5218881776469311,-0.6216985516080314,-0.5395948170598768,-0.8126644502029402,-0.7483506120620215,-0.7984899684708783,-0.7069624900186626,-0.6842257176688489,-0.8243583160733073,-0.9254833951725953,-0.9629227747855952,-0.8790851616340822,-0.9591620472938742,-0.8230265721541291,-0.6878559896306655,-0.5593489598374318,-0.6642822830918049,-0.7401391599665872,-0.6064250436746572,-0.4015913555243891,-0.658838052216871,-0.44722897251966687,-0.5728264191785845,-0.5460860946753119,-0.46055848369741925,-0.5457134011291587,-0.41497029042245553,-0.512810307146781,-0.6800763094837116,-0.5350697351817968,-0.8684638081860409,-0.5759275443573478,-0.3286544483261497,-0.8613349460937143,-0.17693978803458968,-0.7083072052179722,-0.17299688313749756,-0.2336077006336447,-0.9058267969855496,0.18523765124360905,-0.8279202632144951,-0.14115939637699024,-0.37494540263245696,-0.40001039035475733,-0.4470674535266932,-0.645461795852946,-0.5126673682675098,-0.296105827785831,-0.4405953243844185,-0.11663085391393187,-0.24781911996390998,-0.27927525723890373,-0.1480511567291435,-0.6151546799652953,-0.5525225277946275,-0.00431960799178078,0.04465917145798417,-0.7548676661435726,0.12165658982058218,-0.6814878381989415,-0.47208895353589503,-0.6942046949475081,-0.7362786374879717,-0.5782205433291779,0.08777036539169589,0.7930417774455817,-1.0983199487050048,-0.06875316111347557,-1.4410394579817278,-1.0029991043131128
-0.8160682188705857,-0.8334827587267776,-0.7292652043943797,-0.8062092974336286,-0.8569694199878998,-0.5120644224210759,-0.25673495897091314,-0.6674872504595394,-0.8547888600620656,-0.7882076422981771,-0.8411318339328127,-0.923340717544196,-0.81157559968037,-0.79975626115039,-0.6031795282754838,-0.6317399281589946,-0.5685028197044012,-0.838670587696607,-0.09587199283066802,-0.13619541229671428,-0.1327543701468728,-0.40954302578827667,0.08655720467506418,-0.3318506856138454,-0.14850501728654933,-0.371324579842053,-0.19795001586681532,-0.247915872336518,-0.28323302394115984,0.31245014525541254,-0.3369174161032285,0.04961859263046608,1.2150026624132095,0.5242923532864999,0.7933483612463877,0.1436018294662336,1.455320721777883,1.333197288612944,0.22002919401181986,0.15032382706042824,0.03234984304116106,-0.06010643167665119,0.7445367401756623,0.6353654648874324,0.9020707161325585,-0.061667474687801996,-0.45259636689350735,-0.43775282659193254,-0.11931050465179696,0.134255858397976,-0.11033582873963486,-0.07357252088788933,-0.058740235966706494,0.1223260315466609,0.5512387165237831,0.5595772846298315,-0.35420971273995,0.14942332981525006,0.7373259000297492,1.2513872645967188,-0.4891440571427959,0.21325545143600178,-0.05694162272721734,1.3213751465283885,1.1304944074463172,0.22994970175290855,1.0438650122338184,0.09279757337928171,-0.3816150205200424,0.7334962920685649
-0.5023438222248823,-0.6187038746022766,-0.3707871709022334,-0.5745627823278182,-0.600094415027077,-0.8321100568697862,-0.5591467813491483,-0.6140924392176059,-0.515937251754504,-0.7604376499570972,-0.40173071224134116,-0.5754212757243216,-0.40865074078534525,-0.34463847500504513,0.03893094143419837,-0.26366761082388,-0.0220462401363701,-0.5231893117162825,-0.09064869672911643,-0.503654500072857,-0.09460187475283004,-0.20562944728065305,0.19875421296689805,-0.33752910535515185,0.03641699295902746,-0.18340413479601922,-0.20548781048393255,-0.2085998617836073,0.2770897253232231,1.529354907306473,0.8080067945902706,2.5262284108496305,-0.9389543006132093,-0.2750452278018813,-0.7590444555433336,-0.4753020318669532,0.12589045592091347,-0.3738185410555216,0.3209051765891101,0.24089597718775158,0.567476808918893,0.475140364819074,0.47329049413649316,-0.04641914295842213,0.6567088482501896,-0.21155603193426975,0.12681370795945954,0.44480555571801855,-0.08939324731428638,-0.4926158526503576,0.6675019230404649,0.03302216491947064,0.8060720492202079,0.21039825940054985,0.7900863280472397,1.0236896385254561,-1.1481670871016803,-0.3325753575902394,-0.8214604363451163,0.3576107939362432,-0.21542125925036681,0.7994593470673466,-0.6931163910073763,1.8773399396504273,1.3466887073915697,-0.26000804888346085,0.6464335889202891,1.2555403718910136,0.029279735495220602,0.4476425293590908
0.8730824263087519,0.618061882164559,0.8967914130636732,0.585279632177592,0.938905620951477,0.6832676178786207,0.81930165971158,0.8878581154919596,1.0218085049021428,0.7457928120458333,0.8832138012124828,0.7038820525277768,0.770839864335096,1.0867520974972,0.8467298481293517,0.8839046909255855,0.7089922520501241,0.6125987487156739,0.7935596752063866,1.0189750969202536,0.8579161272994333,1.2513834146182983,0.5665321922387644,1.2093325842515914,0.7932557079785952,1.4839779853428912,1.2548107363777874,1.4185654046561536,0.4645312978386049,0.1007673636543155,0.45497929005361026,-0.29136272649059897,-0.44470776754327496,0.1656456904530672,-0.4741000401886832,-0.1410247712720821,-0.6348087769103626,0.27934405355963504,-0.5486024264613919,0.1490862069804991,-0.3134487679605874,0.04333792856764108,-0.6086061510545236,-0.5655671168343692,-0.37004668122452816,-0.6852702005075841,-0.5380575011726301,0.06538811498878584,-0.43585427038966496,-0.4047677493677018,-0.8937576558469278,-0.30424305932965834,-1.517278103449906,0.051435097891867086,-1.2638178635216157,-0.15909360556903562,-0.463524330449114,0.4941663857714615,-0.01362222446009867,0.6188705581162809,-0.22406265290890232,-0.20857432854791913,-0.7442242995465506,-0.23328969728059845,-0.6659791029830188,-1.337675043612391,-0.4117465897503139,-0.4392896161279307,-0.030787019399287092,-0.6311017537620511
0.38421473203012196,0.43487467536280205,0.43003591634716104,0.2785960371221048,0.42776246675560997,0.5370747186318344,0.2899195006932612,0.5864604417286376,0.4954344797345931,0.40163126928526455,0.31614594862444956,0.2889770826554866,0.23593088441365018,0.33040239966131213,-0.03749900864729718,-0.2300344769835444,0.03969727902374819,-0.185620955097297,0.11781503966769291,-0.15673364426916883,-0.009999052126481868,-0.10630739471527281,-0.10735660291168306,-0.08260181826817255,-0.23401068368244615,-0.007302620319807349,-0.24216318484217123,-0.13166089331704475,-0.07111205237156434,-0.036289617940949356,-0.09925604489085343,0.09699360168992714,-0.7114694839093517,-0.5363210179520186,-0.5792680862925503,-0.4654388334837869,-0.5850197650395631,0.36564676552057207,0.012580268324148176,0.7146464466088412,0.018989158500598003,0.36900383293350897,-0.8383810960277124,0.0889161335476361,-0.7029682007171931,-0.03946423221457043,-0.7424653137719274,-0.5998907212169413,-0.7533330061994938,-0.7144495520478165,-0.2373092486242054,-0.5216253492813011,-0.4470914852635554,-0.7875029550002377,-1.0009196504842044,-0.8418436380814758,-0.9201693143078215,0.6547847411127766,-0.7178081950899374,-0.1988866121917335,-0.6259130647064953,0.23582419441139246,-0.6952889328097055,-1.135548902416527,-1.5803424538532496,0.25698659400189844,-0.530001574091052,0.6454848454556047,-0.21487844900007508,-0.13880660520529556
0.8839589582843913,1.1975389644194492,1.0081455273454012,1.633120504485907,0.9804298927082827,1.0940061902960114,0.8144446481294179,1.1110006430598183,1.0444181239971595,0.8975305186137167,1.1704189617219258,1.0727328797082536,1.3210624233612545,1.3868176675001012,-0.04009504594776769,-0.08498665871988649,-0.05767891674324579,-0.22243261337564332,-0.15494602433321483,-0.5896478116417511,-0.34714650387771795,-0.2058450479845606,-0.31497600042411195,-0.40629913146008334,-0.40213303484611695,-0.27187814699302865,-0.4251307839955452,-0.27871876336103835,0.39035589011860217,1.0722644272048056,0.15138880202562946,0.7129447101442317,1.264095650136793,0.4422094835558196,1.2870090406788413,1.0105852455352422,-0.2707376943463848,1.1506983309130812,-0.513246671754189,0.8272492091543716,-0.17705431643957542,0.7581517454453306,-0.3577781561073633,0.054721987560388,-0.38537141461838914,0.021342692419502762,-0.2287330325495806,-0.5859411009550899,-0.2749771227537101,-0.4836241878698125,-0.6266340285412298,0.2559024615610944,-0.6480273055858448,-0.03973503685461227,-0.38119906228440453,-0.039867512649678506,-0.5300100034491092,1.246203830933226,-0.0872482963057263,-0.11568096575507215,-0.37324436328405775,-0.637129832891222,-0.20314356849358267,0.25674000665592217,-0.6648720254973765,1.0952555905438857,-0.256402156683634,-0.7685308575886547,-0.5181971522508398,-0.26210600986569926
0.7212983699677435,0.5283356906888044,0.7621205460366167,0.626556533116814,0.5730970779204863,0.3842285176927327,0.4626177889698966,0.5305815076889895,0.22773785367712912,0.21898570305016296,0.030971952243535657,0.2258640309388,0.08479468161058726,0.27855186799728143,-0.13327224881932187,-0.20048356515500584,-0.11470740617602233,0.23852404465907595,-0.13245077653438372,0.05636437124931639,-0.016667627052919087,0.18463854871781155,-0.14734681029198757,0.06780954186459297,-0.05262288651701081,-0.004042526195559616,-0.013875638857425215,0.0396314635899646,0.805814345591081,0.6853232302384319,0.5756733410648753,0.4604470237347097,0.3487694425263474,-0.14969355255208255,0.08451336421576879,-0.28468106732591636,0.055965773049227535,-0.022441986534180107,-0.16621615080922542,0.8548568141177244,0.053041285058041204,0.7615109924121648,0.2346134289639573,0.3122681150118336,0.4581551475210384,0.35130385575457335,-0.3054103842056859,0.16397713584703985,-0.011175054284880883,-0.6779495894522287,0.494528674688263,0.00704400686068774,-0.18117988363135795,0.37796812089312937,-0.41572427095142184,-0.1340365072333976,0.46644512501302743,-0.38296333822493706,0.03912771310069035,-0.9818440610121861,-0.7870926076523929,-0.5588741868044516,-0.5916532028443611,0.0301877753737963,-1.524448240468677,-0.5352464221425476,-0.30420946129683146,-0.4068050491610298,-0.1187400586635418,-0.7176678419382766
0.8910600791161257,0.9391195764197453,1.3071702935072746,1.4235557724428207,0.8208205742088167,0.37057198642803935,0.9118586724906372,1.0444967883050178,1.1388609982220497,0.8520498870271376,1.1747025125307025,1.2435835810011087,1.114546333067391,1.2455329050767001,1.5768452549153205,1.2866982078757487,1.5349038096608218,0.6885495011570937,1.6098940067442717,0.8678861380900413,1.112080273796564,0.722116063281231,1.2001804754078207,0.6417772795697028,1.490470172140816,1.0240862082423352,1.4725046221230853,1.2682267394814186,0.08286018738668312,1.4088086853114563,0.12763192915030844,1.549696112437322,0.7541948579752463,2.190182381033142,0.6238760657735859,3.361072706554707,0.11255330060747336,1.0613725005918395,2.5610944713525896,1.2423381478002118,2.5056440729923035,1.3227884931976797,0.9696117042137057,1.2636726813024919,1.8663608350038672,0.9953181331554983,0.1259269603723,1.0680656324651274,0.5891666946155004,1.0822016212795353,0.3737604194436763,0.8908938187411033,0.34741734203992214,0.9684689248213729,0.8503599715923479,1.301769524589207,0.24560660299525514,2.0830554363999223,2.7816086311778387,1.0453890016745062,0.3304660508425321,0.19406607031343648,-0.5091518768504955,-0.2657222162641312,0.8786172147888075,0.1628994118086257,-0.27357233334266395,0.2436820175318405,0.7349628068361855,2.011946640952222
3.365370910695076,3.5647503390423836,3.198655848934045,3.0381984734623106,3.3903127496401337,3.0860735714424536,3.1080054596116287,3.5517992625294705,3.228405193281429,2.9526992435841835,3.5501005688033938,2.8838693982105528,3.5715301646011723,3.207422189630443,1.5871777138494818,2.031417490047843,1.8567694546059696,2.0028731407369946,1.5385040160556929,2.1742560568918323,1.696372400162095,2.07824988663665,1.6361713604150219,1.9828208416019615,1.527821786697328,2.168273506120348,2.0147608181952448,2.385346650859144,0.7650102920666562,1.0242835181514742,-0.07563883059608556,0.32840609804537857,2.196044098455824,1.2249432819222095,1.0225717124420837,0.8471375963727343,0.5219023370607153,1.6001486491216816,0.2896801589315071,1.5939239044050548,0.8123907983384847,1.569584611325391,0.6626865924787871,0.0378652321066868,0.6014140138120065,-0.050499426865201216,0.9553506333645478,0.36117385825939513,0.8460226522855792,0.1216388382774853,0.7188213043178131,0.9709823375688086,1.5272096245573392,1.7932769791190044,1.9557519142086826,1.3210598204824961,0.4824450735261486,0.500032854663727,0.40370041603325435,-0.520824511829751,0.07418012745578441,1.1809626575673438,0.10568722434335272,1.1953536688888755,0.06531805066555879,0.46955395941440536,-1.1547934024011004,1.9505804003246723,0.1607099360773509,0.971970323681804
1.3698936151554268,1.079250788990079,1.0208651500981012,0.50735794543903,0.8745261433811937,1.622736981693173,3.1260309593473634,1.1621629987364939,1.029745547708567,1.189861259410481,1.1846887199713265,1.2530046800250145,1.0576706560451337,1.1247010647910802,0.7567102855134225,0.964386626713047,0.5730732847650889,0.5889974239910547,0.3751480186293576,1.5085834056488672,0.48745468959950394,1.3696230362281177,0.29593870003325984,0.9829277423878949,0.48986550518839,0.7784738981201694,0.8522737036845557,0.9721948438174348,1.1971018863922738,0.822726493598029,0.8658736682832789,0.1991676277004528,2.3628701281514806,1.4149045133623244,1.7339118789276886,0.7458386397417348,-0.21284706222302224,1.470585559836753,-0.39629233266265906,0.6921087731461719,0.12598221362665013,0.6026757041448597,0.9120648516435526,-0.19700522815706153,0.007097267831748062,-0.43424866121886974,2.6190674802887663,0.615795478481964,2.4140740202332047,0.37725853479303495,0.414702779889453,-0.4891769383799685,1.217893106207835,-0.23499712996135405,1.111947580932735,0.2633147223266195,1.8086104535996617,0.404868648452258,-0.6037766173063851,1.854574181351895,2.8119027870468014,1.8026060917708915,2.2339687630188028,0.7692824204699914,0.6828825305144215,-0.012786267544196319,-0.9881044871259512,0.413075026681446,-1.1280632256323953,-1.052793136081851
0.517702201374857,0.6052931490565493,0.4454554088521723,0.4529474800315532,0.4749330165252306,1.314611305737812,0.6777598310017239,1.0616083358428998,0.30513238726977654,0.483959410089846,0.16773441704626868,0.16986298360666838,0.3268046354818984,0.4180096319363117,0.2803432212276734,0.06802193200433336,0.22840220338231915,0.05075689309577336,0.03172008592764185,-0.19235959866512026,0.36468116315767285,-0.173253117239392,0.2056181192194262,-0.09516570450737982,0.06962943757574053,0.2009151891595671,-0.1418095717580403,0.08659868663966315,-0.518937532531552,0.1584406236402011,-1.266908900229123,-0.6343715458528876,-0.36799971268756554,-0.3789944287595778,0.10203224772548676,-0.44131566584120474,0.3994927825301513,-0.6839638930624521,-0.6877023973302595,-0.56155258518865,-0.5353874634298179,-0.20889660267084387,0.5580088770378369,-0.26518492603544513,0.48802066942983646,0.023334437662423217,2.329449507793499,0.689484911996358,1.0799622868362164,0.11153321861299752,1.2690548422858168,-0.2770873728534169,0.04012741031910336,0.0847054555582703,0.025058234016604362,-0.0026578262007242626,2.0265907871683346,0.47426588353873755,0.1641374962572467,1.2504563777830064,2.567886323114081,0.7023851374427,1.3550254152812744,2.2035412275383037,1.6250335478712603,2.1991612530263582,1.3365459075728312,3.154034389602235,1.0679071186938278,1.7334905821978337
-0.31549731241181456,-0.3598249389481521,-0.28639578800835175,-0.5129037709691561,-0.17186486275115795,-0.29120226033663277,-0.29291939492620284,-0.3455872774877127,-0.15596480554257994,-0.37672282014770303,-0.09495656137391999,-0.3476595277153221,-0.1007159783836349,-0.18568116403309884,-0.48117379200300425,-0.39034594600247713,-0.39232139697757107,-0.1572606350352036,-0.3986040687119279,-0.5376884506553584,-0.4509385875607087,-0.5195713037743364,-0.5600215900026261,-0.35747187981642004,-0.5526379449808654,-0.17417498734619205,-0.4755032169723862,-0.3516860449447388,-0.19005522673081202,-0.6500778648461518,-0.5761064563758441,-1.3797026531190153,-0.14081131242108705,-0.11969072332369485,-0.23164632037098723,-1.0711747501182518,-1.303735880552871,-0.42859353079210893,-0.8637646821968017,0.6380006604134368,-0.8014084700708798,-0.13011876903785616,0.7517911258377776,-0.843233149071566,-0.14861524957037975,-1.2284727079825222,2.3466864388677373,0.9606007196073647,1.7732819138966494,0.3757752331183861,-0.19063740868021434,-0.23564452170327216,-0.2986170821358483,-0.3346926603938609,0.03437358292614839,-0.48730526474573954,2.5998022655820803,0.7272525963658824,0.8002266365609828,-0.18621430166639116,2.3910319770554236,1.4039389003873808,2.195454677306446,2.4009933554618423,0.33438444875991075,0.6176526662769247,0.7970781801542166,0.5069912414483864,1.174195326029441,0.7417099607181963
-0.857410694867116,-0.8728092551384268,-0.8186668947372153,-0.9152258850007038,-0.8444693157174513,-0.9032281610696693,-0.8711357891383346,-0.8439704839808383,-0.8859003749698229,-0.95799146438424,-0.8128744825614158,-0.9821880613771125,-0.8340400086890654,-0.8795449447068071,-0.7541687471508627,-0.88940859397929,-0.6515518719287525,-0.7334380696450461,-0.688192418553127,-0.795987494832333,-0.5434766418558422,-0.7553740579265451,-0.5697355972843945,-0.5452104357340251,-0.6102129619270802,-0.43370762055585454,-0.6047506051713565,-0.5332550003414259,-0.24554817593061562,-1.3355288045101905,-0.30430239311618285,-1.5355591318342792,-0.3082926232214014,-0.5047513086155705,-0.2729187782020833,-0.4426066545079152,-1.2544865565003944,0.9211997646783944,-1.020316641438063,0.6740158737329502,-1.0052147290398605,0.161968031173513,-0.014001521421165493,-0.10777619235001921,-0.5813640333263127,0.5548426499562165,1.5805317252268027,0.7413634776783785,1.448023948331668,0.4360318075986651,0.9401415915932032,0.12767533672367873,0.6775636861983712,1.2362302910750371,-0.8206344566152184,0.3429980764599781,2.1743378926921397,0.21266438462328457,0.18402173411830047,-0.8846208891778409,1.7126546214567824,2.7386051351742755,2.4402551386710907,2.214407997661262,0.494656458072583,0.3113417087087142,-0.5519381342675022,1.691463038346051,-0.38616962633160445,0.09948604045363699
-0.7967532125963613,-0.5784979203960409,-0.9613495661294978,-0.9544488993503649,-1.0225538586256302,-0.9425709897020306,-0.9817630066920633,-0.872854624450208,-0.9639844651912275,-1.0995245980257322,-0.9644561051958243,-1.0901218251163012,-1.058825827922159,-1.047371743887912,-0.7782265907054975,-0.5966307863876462,-0.7312345913610908,-0.580365339714945,-0.5664123506914986,-0.5804739499244131,-0.7031932871209451,-0.5887027069500212,-0.3688889639557197,-0.7417836932444525,-0.447568648532482,-0.6860158075146461,-0.6259184342306388,-0.6185484742806393,1.4396345828665174,1.774550984961153,0.9611784756983264,2.1475408894111636,-0.6559158567850929,-0.6255672842387527,-0.3805256806735745,0.7545751742711886,1.3120652713108425,0.8272213755663598,-0.07647696592937453,1.5151072682877345,-0.42452591601627054,0.9276692267296973,0.056578499803314725,0.5601606047512704,-0.1979439047666232,0.8292414267312331,1.735384162648261,0.5571325259701463,0.10076038064057272,-0.3642037749813713,-0.3959650089358296,0.1681360193154953,-1.153863387876832,0.5781746853074605,-1.0413848160522647,0.10405220207564851,0.9555651077472784,0.2804316233842913,-1.0662467577337356,-0.025044959347392114,1.3597805474995965,2.1252757143013046,2.1631951927754898,0.9137664627532993,1.3308467302639282,-0.2890559378155484,-0.28023782457660856,0.6648852024599787,0.1333232680839756,0.7391381351712106
0.12132761141908387,0.07052229125763022,0.06101391291226774,-0.40078366485762507,0.06584497651395511,0.05431150153123535,-0.10076287641943042,-0.0557125287146063,0.05672967631429735,-0.1477905622843435,-0.0724785522772377,-0.140359233415659,-0.04348944589888993,0.005968170310867321,-0.45685345184449966,-0.47836038546664267,-0.039500454298771435,-0.0723805967754401,-0.6179116889053128,-0.38206625114518394,-0.3797041317007566,-0.4252383696012897,-0.43007118989378196,-0.38790472072645554,-0.4330023933496819,-0.30842437785293836,-0.29488081344957817,-0.20875913070472718,-1.0052104333971181,-0.5095384186162352,-0.8830081590721355,0.05610910417250597,-0.6106028283532797,-0.929148396042482,-0.004005920214664389,-0.22500242147292057,0.05420752754558279,-0.5161293109898262,-0.7829500925754058,-1.1009004424255608,-1.1845230921936833,-1.3440507329841602,-0.2651766845513832,-0.4136502257005331,-0.2885916276068499,0.17592250889083957,1.265534576836909,1.332549240409661,0.4372547703775467,0.3405791424409886,-0.22471792040964902,-0.21885399204118644,1.53304983287015,-0.042404205520442384,1.1753247697005451,-0.66174082318795,1.043957560441484,-0.5661638046537327,2.0552489792624122,-0.29093858736990474,2.515570997052112,2.4527861439055734,2.2762068940451825,0.611160991874653,0.9207814454673058,0.6898951280060612,-1.1520404107422193,0.6468222225611949,-0.26657486746085707,-0.3126033604210437
0.6172037121823557,0.6700746942731675,0.9662386941900144,0.7011537677286749,0.5985686336692752,0.5569895509629773,0.5036888253954158,0.5880421934342994,0.8212032760755185,0.35768118193034876,0.700887599717061,0.5764486090660224,0.8327705042781973,0.9860072134862443,0.11590624910527389,0.13793904942114618,-0.0723750164047356,-0.1339372766377596,0.21453189792293442,-0.27251924456968357,-0.05943682809478574,-0.1595149093396226,-0.014724199766197689,-0.3855014707078312,-0.08485249736374044,-0.26812846439004645,-0.10480063404608032,-0.1763894132521163,0.3223439099692743,-1.0910041091585272,0.15666460048931438,-1.598668458080674,-0.1327749630852797,-0.37663472619375205,-0.3242685660171197,-1.0276637032860445,-1.0812055822909168,-0.5539884749881774,-0.7471525017780901,-0.10769363709332154,-0.5880074690047375,-0.22040224960259605,-0.17636110377340125,-1.2628012676118938,0.3786206600184489,-0.7649547460918007,0.7824518399622393,0.5240245795925277,0.5253693952864739,-0.21480862558648425,-0.37282001241387086,0.02507185408780338,-0.7476591300172475,0.7902730143821807,-0.7163065194737569,-0.004237747943067941,1.1304120845453387,-0.7786389210152979,1.0212272016959096,0.48135964423589994,1.045698407132418,0.5075840494717528,0.45746689760150094,-0.3690495663827341,2.4279277708881164,0.5422883316494902,0.20895655081155726,1.3098021760513547,-0.9271372715293771,-0.44218362572049047
1.1420137790085028,1.1411180715077365,1.0736310190342577,0.7528265592491231,1.1158214700720959,1.1873623699127336,0.7942790219256552,0.9632095475688314,1.1479578364964627,0.9059134158841429,1.0690937329584445,1.0133972736040853,1.2206363050726048,1.2627119911806857,0.417849869455251,0.6258340007786262,0.4243748361298636,-0.028516622577113782,0.19336190108559592,0.16583343953572321,0.16477756752349662,0.09312522850915128,0.2923559663801728,0.3502890491405358,0.09950688903130298,0.2248850439615718,-0.01986849406701303,0.018867877923671325,-1.0787761227599322,-0.6931222509965475,-0.8002379560558055,-0.3849633609114566,-0.888311094437278,-0.43210109070630764,-0.9043573732163772,-0.34301621745798927,-0.6118494453771988,-1.0252581634750626,0.08873418705758021,-1.332895320303666,-0.11123625811556613,-1.3638354084512307,-0.1302579469518543,-0.7858114820780245,-0.4456623835002088,-0.43213633040118343,0.29347162538985405,0.7595799552959509,0.04036462311131313,0.623569866377247,-0.0582449728573893,-0.37944732998755193,-0.12797090840879696,-0.5859289271281375,-0.24179230564760174,0.24215652688206232,0.6204343603646968,-0.24340863892934572,-0.3036273459837224,0.5198872441662744,1.9348731011359435,3.035035138175429,1.9759978120354174,0.7926301846732838,-0.3402272090801369,-0.6648835964029755,-1.1551404606345281,1.743941979351773,-1.512884263642607,0.3034840480000192
0.385768286997792,0.4371732095111174,0.252319535310645,0.06790751070023146,0.3972984572922929,0.2036536798150654,0.44093939352109285,0.1449465374044071,0.5250282506935849,0.09770079392107961,0.5277020757797017,0.15143997099302617,0.5064704171066317,0.38559426726491425,-0.13390175607568447,-0.2559150322230152,-0.1794581584516815,-0.5246088636476172,-0.30987239686684925,-0.1982988703111345,-0.229532419277303,-0.3788082905404276,-0.18350463856613447,-0.39329864219066485,-0.019714399417318645,-0.32739074954430253,0.002360151542783807,-0.16605381268715655,1.373766662922131,1.0911218275649426,1.559093390544124,0.5119204039119387,-0.4454806997771772,0.4209584317150278,-0.40454536916113026,-0.03979831304794626,0.10166533932153285,1.3518279384636904,-0.04187208395157941,1.8906187808550088,0.2060388689416138,1.4137462215964447,0.1675976344288499,1.4306522339716503,-0.2241393701167899,1.1372558044834713,0.12029690987855912,1.1603876119145047,0.22765107142052804,0.6440071241803567,-0.21233948597662683,0.001504720423723176,-0.24043992069485198,0.8342559631450741,0.6531629937151161,0.005890422561398456,1.755212533560339,-0.12709002810726472,-0.3943649771098103,3.5720844792742033,1.8844740365012151,0.6921028431931403,2.1606796215758837,-0.11600524364390262,1.1881809229637634,0.8899596899727209,-1.0764939741187498,2.246936290943997,0.9246636976064997,0.811233274654051
